project,department,category,year,project_id,cost_m,variance_pct,duration_months,rating,delivery_score,cost_score,duration_score,variance_score,risk_score,risk_tier,source_file
Government Hubs and Whitehall Campus Programme,CO,Government Transformation and Service Delivery,2024-25,CO_0133_2223-Q1,558.0,12.79,178.97503285151117,,,15,20,10,,Not scored,GMPP_2024_25.xlsx
Manchester Digital Campus,CO,Government Transformation and Service Delivery,2024-25,CO_0438_2425-Q3,1443.7,,68.72536136662286,AMBER,25.0,20,15,0,60.0,High,GMPP_2024_25.xlsx
WORKPLACE SERVICES TRANSFORMATION PROGRAMME,CO,Government Transformation and Service Delivery,2024-25,CO_0029_2021-Q4,1059.0,7.5,,,,20,0,5,,Not scored,GMPP_2024_25.xlsx
Civil Service Pensions 2015 Remedy,CO,Government Transformation and Service Delivery,2024-25,CO_0024_2021-Q2,50.5,17.39,49.34296977660972,,,5,10,10,,Not scored,GMPP_2024_25.xlsx
ATS Transformation,CO,Government Transformation and Service Delivery,2024-25,CO_0281_2324-Q2,42.12,10.73,68.92247043363994,,,5,15,10,,Not scored,GMPP_2024_25.xlsx
Future Service Programme,CO,ICT,2024-25,CO_0027_2021-Q4,239.0,0.0,,,,10,0,0,,Not scored,GMPP_2024_25.xlsx
Transforming Public Procurement,CO,Government Transformation and Service Delivery,2024-25,CO_0120_2223-Q1,31.5,13.24,62.91064388961892,,,5,15,10,,Not scored,GMPP_2024_25.xlsx
Falcon Programme,CO,Government Transformation and Service Delivery,2024-25,CO_0176_2223-Q3,23.7,5.83,,,,5,0,5,,Not scored,GMPP_2024_25.xlsx
ROSA RENEWAL PROJECT,CO,ICT,2024-25,CO_0210_2223-Q4,51.0,0.0,35.972404730617605,,,5,5,0,,Not scored,GMPP_2024_25.xlsx
AUTOMOTIVE TRANSFORMATION FUND (ATF),DBT,Infrastructure and Construction,2024-25,BEIS_0090_2122-Q4,671.0,37.64,,,,15,0,15,,Not scored,GMPP_2024_25.xlsx
POST OFFICE - NEW IT SYSTEM,DBT,ICT,2024-25,DBT_0293_2324-Q3,,,,,,0,0,0,,Not scored,GMPP_2024_25.xlsx
British Museum - Energy Centre Programme (ECP),DCMS,Infrastructure and Construction,2024-25,DCMS_0254_2324-Q1,209.0,66.02,93.00262812089356,,,10,15,15,,Not scored,GMPP_2024_25.xlsx
Youth Investment Fund,DCMS,Infrastructure and Construction,2024-25,DCMS_0118_2223-Q1,310.0,3.8,47.96320630749014,AMBER,25.0,10,10,5,50.0,High,GMPP_2024_25.xlsx
4th National Lottery Licence,DCMS,Government Transformation and Service Delivery,2024-25,DCMS_0013_1819-Q3,154.85,3.71,85.4796320630749,,,10,15,5,,Not scored,GMPP_2024_25.xlsx
EURO 2028,DCMS,Government Transformation and Service Delivery,2024-25,DCMS_0321_2324-Q3,,,77.66097240473061,AMBER,25.0,0,15,0,40.0,Medium,GMPP_2024_25.xlsx
Natural History Museum Unlocked,DCMS,Infrastructure and Construction,2024-25,DCMS_0018_2021-Q3,221.0,1.85,148.52168199737187,,,10,20,5,,Not scored,GMPP_2024_25.xlsx
TERRESTRIAL NATURAL CAPITAL ECOSYSTEM ASSESSMENT,DEFRA,Government Transformation and Service Delivery,2024-25,DEFRA_0190_2223-Q3,331.47,2.2,,,,10,0,5,,Not scored,GMPP_2024_25.xlsx
"COLLECTIONS, PACKAGING AND REFORMS PROGRAMME",DEFRA,Government Transformation and Service Delivery,2024-25,DEFRA_0040_2122-Q3,1192.18,0.0,120.9592641261498,AMBER,25.0,20,20,0,65.0,High,GMPP_2024_25.xlsx
Livestock Information Transformation Programme,DEFRA,Government Transformation and Service Delivery,2024-25,DEFRA_0348_2324-Q4,478.08,7.75,,AMBER,25.0,10,0,5,40.0,Medium,GMPP_2024_25.xlsx
NO2 PROGRAMME,DEFRA,Infrastructure and Construction,2024-25,DEFRA_0014_2021-Q4,883.0,32.26,143.95532194480944,,,15,20,15,,Not scored,GMPP_2024_25.xlsx
"BIOSECURITY, BORDERS AND TRADE PROGRAMME",DEFRA,Government Transformation and Service Delivery,2024-25,DEFRA_0016_2122-Q1,820.57,14.73,50.91984231274638,AMBER,25.0,15,10,10,60.0,High,GMPP_2024_25.xlsx
FARMING AND COUNTRYSIDE PROGRAMME,DEFRA,Government Transformation and Service Delivery,2024-25,DEFRA_0008_2021-Q1,24875.0,6.43,140.0131406044678,RED,40.0,25,20,5,90.0,Critical,GMPP_2024_25.xlsx
National Biosecurity Centre (Weybridge),DEFRA,Infrastructure and Construction,2024-25,DEFRA_0007_2021-Q1,2820.0,33.11,185.9724047306176,AMBER,25.0,20,20,15,80.0,Critical,GMPP_2024_25.xlsx
NORTHERN IRELAND,DEFRA,Government Transformation and Service Delivery,2024-25,DEFRA_0015_2122-Q1,544.46,0.0,62.91064388961892,AMBER,25.0,15,15,0,55.0,High,GMPP_2024_25.xlsx
NATURE FOR CLIMATE FUND,DEFRA,Infrastructure and Construction,2024-25,DEFRA_0013_2021-Q4,928.0,0.0,,RED,40.0,15,0,0,55.0,High,GMPP_2024_25.xlsx
Cefas Infrastructure to Support Future Delivery at Sea,DEFRA,Government Transformation and Service Delivery,2024-25,DEFRA_0349_2324-Q4,,,,,,0,0,0,,Not scored,GMPP_2024_25.xlsx
FLOOD AND COASTAL EROSION RISK MANAGEMENT,DEFRA,Infrastructure and Construction,2024-25,DEFRA_0236_2324-Q1,4613.0,0.0,71.94480946123521,AMBER,25.0,20,15,0,60.0,High,GMPP_2024_25.xlsx
Warm Homes: Local Grant,DESNZ,ICT,2024-25,DESNZ_0471_2425-Q4,,,47.8646517739816,,,0,10,0,,Not scored,GMPP_2024_25.xlsx
REPLACEMENT ANALYTICAL PROJECT,DESNZ,Infrastructure and Construction,2024-25,BEIS_0007_2021-Q3,737.26,7.14,193.1011826544021,RED,40.0,15,20,5,80.0,Critical,GMPP_2024_25.xlsx
SIXEP CONTINUITY PLANT,DESNZ,Infrastructure and Construction,2024-25,BEIS_0009_2021-Q3,1092.97,27.68,211.95795006570302,,,20,20,15,,Not scored,GMPP_2024_25.xlsx
GEOLOGICAL DISPOSAL FACILITY,DESNZ,Infrastructure and Construction,2024-25,DECC_0005_1112-Q1,20300.0,9.77,500.95269382391587,RED,40.0,25,20,5,90.0,Critical,GMPP_2024_25.xlsx
GREAT BRITISH NUCLEAR,DESNZ,Infrastructure and Construction,2024-25,BEIS_0233_2223-Q4,,,,,,0,0,0,,Not scored,GMPP_2024_25.xlsx
Review of Electricity Market Arrangements (REMA),DESNZ,Government Transformation and Service Delivery,2024-25,DESNZ_0333_2324-Q4,,3.41,142.80551905387648,,,0,20,5,,Not scored,GMPP_2024_25.xlsx
Boiler Upgrade Scheme,DESNZ,Infrastructure and Construction,2024-25,DESNZ_0375_2425-Q1,794.4,31.94,,,,15,0,15,,Not scored,GMPP_2024_25.xlsx
Hydrogen Allocation Round 1 (HAR1),DESNZ,Infrastructure and Construction,2024-25,DESNZ_0334_2324-Q3,2366.0,100.0,239.32325886990802,,,20,20,15,,Not scored,GMPP_2024_25.xlsx
HyNet Anchor,DESNZ,Infrastructure and Construction,2024-25,DESNZ_0457_2425-Q3,,,,,,0,0,0,,Not scored,GMPP_2024_25.xlsx
Smart Metering Implementation Programme,DESNZ,Infrastructure and Construction,2024-25,DECC_0010_1112-Q1,20177.0,0.0,252.9237844940867,AMBER,25.0,25,20,0,70.0,Critical,GMPP_2024_25.xlsx
LOW COST NUCLEAR PROGRAMME (ROLLS ROYCE SMRS CHALLENGE),DESNZ,Infrastructure and Construction,2024-25,BEIS_0001_2122-Q2,468.0,6.7,46.97766097240473,,,10,10,5,,Not scored,GMPP_2024_25.xlsx
SOCIAL HOUSING DECARBONISATION FUND ,DESNZ,Infrastructure and Construction,2024-25,BEIS_0014_2021-Q4,2206.0,8.44,96.71484888304862,AMBER,25.0,20,15,5,65.0,High,GMPP_2024_25.xlsx
BEPPS2,DESNZ,Infrastructure and Construction,2024-25,BEIS_0241_2324-Q1,747.34,7.67,211.892247043364,,,15,20,5,,Not scored,GMPP_2024_25.xlsx
East Coast Cluster Anchor (ECC),DESNZ,Infrastructure and Construction,2024-25,DESNZ_0458_2425-Q3,,,,,,0,0,0,,Not scored,GMPP_2024_25.xlsx
Home Upgrade Grant and Local Authority Delivery (HULA) schemes,DESNZ,Government Transformation and Service Delivery,2024-25,DESNZ_0295_2324-Q3,1307.0,2.87,66.03153745072274,AMBER,25.0,20,15,5,65.0,High,GMPP_2024_25.xlsx
SELLAFIELD PRODUCT AND RESIDUE STORE RETREATMENT PLANT PROJECT,DESNZ,Infrastructure and Construction,2024-25,BEIS_0008_2021-Q3,1471.12,13.61,216.98423127463863,,,20,20,10,,Not scored,GMPP_2024_25.xlsx
Spherical Tokamak for Energy Production,DESNZ,Infrastructure and Construction,2024-25,BEIS_0153_2223-Q2,,0.25,,AMBER,25.0,0,0,5,30.0,Medium,GMPP_2024_25.xlsx
NEW NUCLEAR PROJECT (SIZEWELL C),DESNZ,Infrastructure and Construction,2024-25,BEIS_0019_2122-Q1,,,,,,0,0,0,,Not scored,GMPP_2024_25.xlsx
PUBLIC SECTOR DECARBONISATION SCHEME,DESNZ,Infrastructure and Construction,2024-25,BEIS_0013_2021-Q4,3836.29,6.66,92.73981603153744,,,20,15,5,,Not scored,GMPP_2024_25.xlsx
GREEN HEAT NETWORK FUND,DESNZ,Infrastructure and Construction,2024-25,BEIS_0115_2223-Q1,701.63,22.8,,,,15,0,15,,Not scored,GMPP_2024_25.xlsx
FEDERATED DATA PLATFORM,DHSC,Government Transformation and Service Delivery,2024-25,DHSC_0252_2324-Q1,1042.0,17.21,119.97371879106439,,,20,15,10,,Not scored,GMPP_2024_25.xlsx
DATA FOR RESEARCH AND DEVELOPMENT (R&D),DHSC,Government Transformation and Service Delivery,2024-25,DHSC_0253_2324-Q1,206.34,8.52,38.92904073587385,,,10,10,5,,Not scored,GMPP_2024_25.xlsx
NHS Digital Transformation of Screening,DHSC,Government Transformation and Service Delivery,2024-25,DHSC_0069_2021-Q4,106.69,0.8,131.96452036793693,,,10,20,5,,Not scored,GMPP_2024_25.xlsx
PHE SCIENCE HUB,DHSC,Infrastructure and Construction,2024-25,DOH_0017_1112-Q1,,,,,,0,0,0,,Not scored,GMPP_2024_25.xlsx
Future NHS Workforce Solution Transformation Programme,DHSC,ICT,2024-25,DHSC_0041_2122-Q3,,39.37,122.24047306176084,,,0,20,15,,Not scored,GMPP_2024_25.xlsx
DIGITISING SOCIAL CARE,DHSC,Government Transformation and Service Delivery,2024-25,DHSC_0096_2122-Q4,598.0,25.81,47.96320630749014,,,15,10,15,,Not scored,GMPP_2024_25.xlsx
INTEGRATED SINGLE FINANCIAL ENVIRONMENT,DHSC,ICT,2024-25,DHSC_0067_2021-Q3,208.98,46.48,75.0,AMBER,25.0,10,15,15,65.0,High,GMPP_2024_25.xlsx
NEW HOSPITAL PROGRAMME,DHSC,Infrastructure and Construction,2024-25,DHSC_0066_2021-Q2,60008.0,54.1,303.05519053876475,AMBER,25.0,25,20,15,85.0,Critical,GMPP_2024_25.xlsx
FRONTLINE DIGITISATION,DHSC,ICT,2024-25,DHSC_0071_2122-Q1,2035.2,8.04,47.96320630749014,,,20,10,5,,Not scored,GMPP_2024_25.xlsx
MODERNA STRATEGIC PARTNERSHIP PROGRAMME,DHSC,Infrastructure and Construction,2024-25,DHSC_0243_2324-Q1,,,,AMBER,25.0,0,0,0,25.0,Low,GMPP_2024_25.xlsx
Open Networks Programme,DSIT,Infrastructure and Construction,2024-25,DCMS_0107_2223-Q1,325.0,2.13,42.93692509855453,,,10,10,5,,Not scored,GMPP_2024_25.xlsx
Met Office Supercomputer Programme,DSIT,ICT,2024-25,BEIS_0005_1920-Q4,1242.0,5.27,174.2772667542707,,,20,20,5,,Not scored,GMPP_2024_25.xlsx
MATRIX CLUSTER TRANSFORMATION PROGRAMME,DSIT,Government Transformation and Service Delivery,2024-25,BEIS_0079_2122-Q4,938.0,5.72,67.96977660972405,AMBER,25.0,15,15,5,60.0,High,GMPP_2024_25.xlsx
National Underground Asset Register (NUAR),DSIT,Government Transformation and Service Delivery,2024-25,CO_0014_2122-Q2,42.6,3.29,55.68331143232589,,,5,10,5,,Not scored,GMPP_2024_25.xlsx
GOV.UK One Login,DSIT,ICT,2024-25,CO_0033_2122-Q1,342.19,2.83,86.82654402102496,,,10,15,5,,Not scored,GMPP_2024_25.xlsx
Project Gigabit,DSIT,Infrastructure and Construction,2024-25,DCMS_0019_2021-Q4,5404.0,64.73,116.98423127463863,,,25,15,15,,Not scored,GMPP_2024_25.xlsx
Shared Rural Network,DSIT,Infrastructure and Construction,2024-25,DCMS_0020_2122-Q1,512.0,65.09,239.98028909329827,AMBER,25.0,15,20,15,75.0,Critical,GMPP_2024_25.xlsx
CONTINUING THE MOVE TO UNIVERSAL CREDIT,DWP,Government Transformation and Service Delivery,2024-25,DWP_0009_1112-Q1,17305.0,2.1,,GREEN,5.0,25,0,5,35.0,Medium,GMPP_2024_25.xlsx
BUILDING SAFETY REGULATOR,DWP,Government Transformation and Service Delivery,2024-25,DWP_0008_2122-Q2,909.74,9.34,,GREEN,5.0,15,0,5,25.0,Low,GMPP_2024_25.xlsx
Workplace Transformation,DWP,Government Transformation and Service Delivery,2024-25,DWP_0013_2122-Q2,3506.7,42.17,116.95137976346912,AMBER,25.0,20,15,15,75.0,Critical,GMPP_2024_25.xlsx
Connect to Work,DWP,Government Transformation and Service Delivery,2024-25,DWP_0304_2324-Q3,1373.8,6.64,83.96846254927726,AMBER,25.0,20,15,5,65.0,High,GMPP_2024_25.xlsx
SERVICE MODERNISATION PROGRAMME,DWP,Government Transformation and Service Delivery,2024-25,DWP_0217_2223-Q4,763.61,8.22,,AMBER,25.0,15,0,5,45.0,Medium,GMPP_2024_25.xlsx
Health Transformation Programme,DWP,Government Transformation and Service Delivery,2024-25,DWP_0028_1819-Q3,2987.05,18.32,138.04204993429698,AMBER,25.0,20,20,10,75.0,Critical,GMPP_2024_25.xlsx
SYNERGY PROGRAMME,DWP,Government Transformation and Service Delivery,2024-25,DWP_0042_2122-Q3,2450.59,20.46,92.93692509855452,RED,40.0,20,15,15,90.0,Critical,GMPP_2024_25.xlsx
PENSIONS DASHBOARD PROGRAMME,DWP,ICT,2024-25,DWP_0029_2021-Q4,,7.66,95.9592641261498,AMBER,25.0,0,15,5,45.0,Medium,GMPP_2024_25.xlsx
FE Capital Transformation,DFE,Infrastructure and Construction,2024-25,DFE_0015_2021-Q3,,,71.94480946123521,,,0,15,0,,Not scored,GMPP_2024_25.xlsx
SCHOOL REBUILDING PROGRAMME,DFE,Infrastructure and Construction,2024-25,DFE_0018_2021-Q3,,,,,,0,0,0,,Not scored,GMPP_2024_25.xlsx
LIFELONG LEARNING ENTITLEMENT,DFE,Government Transformation and Service Delivery,2024-25,DFE_0109_2223-Q1,,,,,,0,0,0,,Not scored,GMPP_2024_25.xlsx
TEACHER DEVELOPMENT REFORM PROGRAMME,DFE,Government Transformation and Service Delivery,2024-25,DFE_0014_2021-Q2,940.46,9.96,,,,15,0,5,,Not scored,GMPP_2024_25.xlsx
HIGHER TECHNICAL EDUCATION,DFE,Government Transformation and Service Delivery,2024-25,DFE_0173_2223-Q2,176.0,83.15,,,,10,0,15,,Not scored,GMPP_2024_25.xlsx
NATIONAL TUTORING PROGRAMME,DFE,Government Transformation and Service Delivery,2024-25,DFE_0020_2021-Q4,1125.0,5.14,56.96452036793692,,,20,10,5,,Not scored,GMPP_2024_25.xlsx
SKILLS BOOTCAMPS,DFE,Government Transformation and Service Delivery,2024-25,DFE_0017_2021-Q3,785.55,2.86,73.88304862023652,,,15,15,5,,Not scored,GMPP_2024_25.xlsx
T-LEVELS,DFE,Government Transformation and Service Delivery,2024-25,DFE_0010_1819-Q1,1653.3,23.52,142.21419185282522,,,20,20,15,,Not scored,GMPP_2024_25.xlsx
Early Years Childcare Reform Programme,DFE,Government Transformation and Service Delivery,2024-25,DFE_0272_2324-Q2,15135.0,0.0,68.5611038107753,,,25,15,0,,Not scored,GMPP_2024_25.xlsx
REDEVELOPMENT EUSTON CONVENTIONAL STATION (RECS),DFT,Infrastructure and Construction,2024-25,DFT_0139_2223-Q1,,0.0,,,,0,0,0,,Not scored,GMPP_2024_25.xlsx
A428 BLACK CAT TO CAXTON GIBBET,DFT,Infrastructure and Construction,2024-25,DFT_0031_1819-Q1,,3.02,,,,0,0,5,,Not scored,GMPP_2024_25.xlsx
EAST COAST MAINLINE PROGRAMME,DFT,Infrastructure and Construction,2024-25,DFT_0033_1819-Q1,1040.0,6.43,146.02496714848883,,,20,20,5,,Not scored,GMPP_2024_25.xlsx
TRANSPENNINE ROUTE UPGRADE,DFT,Infrastructure and Construction,2024-25,DFT_0037_1920-Q3,11056.0,0.57,291.5243101182654,AMBER,25.0,25,20,5,75.0,Critical,GMPP_2024_25.xlsx
A417 AIR BALLOON,DFT,Infrastructure and Construction,2024-25,DFT_0044_2021-Q2,535.0,20.6,148.98160315374506,,,15,20,15,,Not scored,GMPP_2024_25.xlsx
HS2 PHASE I,DFT,Infrastructure and Construction,2024-25,DFT_0040_2021-Q1,,0.0,,RED,40.0,0,0,0,40.0,Medium,GMPP_2024_25.xlsx
LOWER THAMES CROSSING,DFT,Infrastructure and Construction,2024-25,DFT_0022_1415-Q4,8950.0,0.0,238.66622864651774,AMBER,25.0,25,20,0,70.0,Critical,GMPP_2024_25.xlsx
PUBLIC OWNERSHIP TRANSITION PROGRAMME,DFT,Government Transformation and Service Delivery,2024-25,DFT_0439_2425-Q3,36.6,41.03,,AMBER,25.0,5,0,15,45.0,Medium,GMPP_2024_25.xlsx
RAIL SECTOR TRANSFORMATION PROGRAMME,DFT,Government Transformation and Service Delivery,2024-25,DFT_0020_2122-Q2,,,,AMBER,25.0,0,0,0,25.0,Low,GMPP_2024_25.xlsx
2ND GENERATION UK SEARCH AND RESCUE AVIATION,DFT,Government Transformation and Service Delivery,2024-25,DFT_0048_2021-Q3,1959.0,,84.49408672798948,,,20,15,0,,Not scored,GMPP_2024_25.xlsx
NORTHERN POWERHOUSE RAIL,DFT,Infrastructure and Construction,2024-25,DFT_0141_2223-Q1,30600.0,38.77,354.89487516425754,RED,40.0,25,20,15,100.0,Critical,GMPP_2024_25.xlsx
Midland Main Line Electrification (MMLE) Programme,DFT,Infrastructure and Construction,2024-25,DFT_0039_2122-Q3,1468.0,24.39,131.30749014454665,,,20,20,15,,Not scored,GMPP_2024_25.xlsx
RAPID CHARGING FUND,DFT,Infrastructure and Construction,2024-25,DFT_0054_2122-Q1,,86.36,89.12614980289094,,,0,15,15,,Not scored,GMPP_2024_25.xlsx
A12 CHELMSFORD TO A120 WIDENING,DFT,Infrastructure and Construction,2024-25,DFT_0034_1920-Q2,,68.54,,,,0,0,15,,Not scored,GMPP_2024_25.xlsx
EAST WEST RAIL CONNECTION STATE 2 AND 3,DFT,Infrastructure and Construction,2024-25,DFT_0052_2122-Q1,3970.0,48.57,194.25098554533508,AMBER,25.0,20,20,15,80.0,Critical,GMPP_2024_25.xlsx
A66,DFT,Infrastructure and Construction,2024-25,DFT_0047_2021-Q3,,0.0,,,,0,0,0,,Not scored,GMPP_2024_25.xlsx
MIDLANDS RAIL HUB,DFT,Infrastructure and Construction,2024-25,DFT_0043_2021-Q2,1569.0,9.36,284.9868593955322,,,20,20,5,,Not scored,GMPP_2024_25.xlsx
EAST COAST DIGITAL PROGRAMME,DFT,Infrastructure and Construction,2024-25,DFT_0038_1920-Q4,3465.4,25.58,161.43232588699078,AMBER,25.0,20,20,15,80.0,Critical,GMPP_2024_25.xlsx
EAST WEST RAIL CONNECTION STATE 1,DFT,Infrastructure and Construction,2024-25,DFT_0046_2021-Q2,1353.0,5.58,165.04599211563732,,,20,20,5,,Not scored,GMPP_2024_25.xlsx
ECHO 2 PROGRAMME,FCDO,ICT,2024-25,FCO_0010_1617-Q3,265.0,0.0,,,,10,0,0,,Not scored,GMPP_2024_25.xlsx
"TOKYO NEW BUILD, REMODELLING AND REFURBISHMENT",FCDO,Infrastructure and Construction,2024-25,FCO_0216_2223-Q4,101.0,0.0,113.99474375821288,,,10,15,0,,Not scored,GMPP_2024_25.xlsx
LOCAL LAND CHARGES (LLC) PROGRAMME,HMLR,Government Transformation and Service Delivery,2024-25,BIS_0015_1516-Q1,331.0,49.16,156.96452036793693,,,10,20,15,,Not scored,GMPP_2024_25.xlsx
TRADER SUPPORT SERVICE,HMRC,Government Transformation and Service Delivery,2024-25,HMRC_0029_2021-Q3,711.5,28.65,60.019710906701704,,,15,15,15,,Not scored,GMPP_2024_25.xlsx
HMRC NORTHERN IRELAND DELIVERY PROGRAMME,HMRC,ICT,2024-25,HMRC_0164_2223-Q3,573.05,8.24,59.95400788436268,,,15,10,5,,Not scored,GMPP_2024_25.xlsx
BUILDING OUR FUTURE LOCATIONS PROGRAMME,HMRC,Government Transformation and Service Delivery,2024-25,HMRC_0015_1617-Q1,2884.0,2.56,182.95006570302232,,,20,20,5,,Not scored,GMPP_2024_25.xlsx
MAKING TAX DIGITAL,HMRC,ICT,2024-25,HMRC_0017_1617-Q2,1439.03,0.26,155.94612352168198,AMBER,25.0,20,20,5,70.0,Critical,GMPP_2024_25.xlsx
SINGLE CUSTOMS PLATFORM,HMRC,ICT,2024-25,HMRC_0159_2223-Q2,589.44,0.08,59.855453350854134,AMBER,25.0,15,10,5,55.0,High,GMPP_2024_25.xlsx
UNITY PROGRAMME,HMRC,Government Transformation and Service Delivery,2024-25,HMRC_0031_2122-Q3,259.0,18.42,82.91721419185282,AMBER,25.0,10,15,10,60.0,High,GMPP_2024_25.xlsx
ENTERPRISE TAX MANAGEMENT PLATFORM (ETMP),HMRC,Government Transformation and Service Delivery,2024-25,HMRC_0292_2324-Q3,443.9,7.2,92.04993429697765,,,10,15,5,,Not scored,GMPP_2024_25.xlsx
NS&I Transformation,HMT,Government Transformation and Service Delivery,2024-25,HMT_0004_2021-Q2,2955.6,3.76,105.91327201051249,RED,40.0,20,15,5,80.0,Critical,GMPP_2024_25.xlsx
MANSTON TRANSFORMATION PROGRAMME,HO,Government Transformation and Service Delivery,2024-25,HO_0285_2324-Q2,987.31,14.48,73.94875164257556,AMBER,25.0,15,15,10,65.0,High,GMPP_2024_25.xlsx
Asylum Support Accommodation Programme,HO,Government Transformation and Service Delivery,2024-25,HO_0286_2324-Q2,72079.0,14.41,94.97371879106439,,,25,15,10,,Not scored,GMPP_2024_25.xlsx
ASYLUM TRANSFORMATION PROGRAMME,HO,Government Transformation and Service Delivery,2024-25,HO_0183_2223-Q3,362.0,54.69,54.92772667542707,AMBER,25.0,10,10,15,60.0,High,GMPP_2024_25.xlsx
ACCOMMODATION PROGRAMME (NON DETAINED) (APND),HO,Government Transformation and Service Delivery,2024-25,HO_0149_2223-Q2,2492.43,74.38,62.023653088042046,AMBER,25.0,20,15,15,75.0,Critical,GMPP_2024_25.xlsx
NATIONAL STRATEGIC AUTOMATIC NUMBER PLATE RECOGNITION PLATFORM (NSAP),HO,Government Transformation and Service Delivery,2024-25,HO_0332_2324-Q4,538.9,31.29,60.972404730617605,,,15,15,15,,Not scored,GMPP_2024_25.xlsx
FRAUD AND CYBER CRIME REPORTING AND ANALYSIS SERVICE,HO,Government Transformation and Service Delivery,2024-25,HO_0045_2122-Q1,182.72,20.09,62.877792378449406,,,10,15,15,,Not scored,GMPP_2024_25.xlsx
IMMIGRATION PLATFORM TECHNOLOGIES (IPT),HO,ICT,2024-25,HO_0029_1314-Q4,807.49,9.97,,,,15,0,5,,Not scored,GMPP_2024_25.xlsx
MARITIME CAPABILITIES REPLACEMENT PROGRAMME,HO,Government Transformation and Service Delivery,2024-25,HO_0150_2223-Q2,,,,,,0,0,0,,Not scored,GMPP_2024_25.xlsx
RADIOLOGICAL AND NUCLEAR CHANGE PROGRAMME (RNCP),HO,Government Transformation and Service Delivery,2024-25,HO_0047_2122-Q1,,,,,,0,0,0,,Not scored,GMPP_2024_25.xlsx
FUTURE BORDER AND IMMIGRATION SYSTEM PROGRAMME (FBIS),HO,Government Transformation and Service Delivery,2024-25,HO_0039_1920-Q4,4536.0,21.0,107.95006570302233,AMBER,25.0,20,15,15,75.0,Critical,GMPP_2024_25.xlsx
FUTURE SUPPLIERS SERVICES,HO,Government Transformation and Service Delivery,2024-25,HO_0043_2021-Q4,528.98,10.34,61.925098554533506,,,15,15,10,,Not scored,GMPP_2024_25.xlsx
Immigration Removal Centre (IRC) Expansion Programme,HO,Infrastructure and Construction,2024-25,HO_0330_2324-Q4,,,,,,0,0,0,,Not scored,GMPP_2024_25.xlsx
Civil Registration Service Transformation (CReST),HO,Government Transformation and Service Delivery,2024-25,HO_0373_2425-Q1,235.66,2.1,71.05781865965834,,,10,15,5,,Not scored,GMPP_2024_25.xlsx
EMERGENCY SERVICES MOBILE COMMUNICATIONS,HO,ICT,2024-25,HO_0016_1213-Q1,19180.0,0.0,,AMBER,25.0,25,0,0,50.0,High,GMPP_2024_25.xlsx
HOME OFFICE BIOMETRICS (HOB) PROGRAMME,HO,ICT,2024-25,HO_0033_1415-Q3,1550.0,10.39,152.98948751642575,AMBER,25.0,20,20,10,75.0,Critical,GMPP_2024_25.xlsx
Cerberus,HO,Government Transformation and Service Delivery,2024-25,HO_0042_2021-Q3,240.97,40.91,125.9526938239159,AMBER,25.0,10,20,15,70.0,Critical,GMPP_2024_25.xlsx
ANTI-MONEY LAUNDERING AND ASSET RECOVERY (AMLAR),HO,Government Transformation and Service Delivery,2024-25,HO_0228_2223-Q4,414.2,0.0,35.972404730617605,,,10,5,0,,Not scored,GMPP_2024_25.xlsx
Police National Database (PND),HO,ICT,2024-25,HO_0331_2324-Q4,387.64,28.58,26.379763469119577,,,10,5,15,,Not scored,GMPP_2024_25.xlsx
Law Enforcement Data Service,HO,ICT,2024-25,HO_0036_1617-Q2,905.07,34.06,143.95532194480944,,,15,20,15,,Not scored,GMPP_2024_25.xlsx
PASSPORT TRANSFORMATION PROGRAMME,HO,Government Transformation and Service Delivery,2024-25,HO_0044_2021-Q4,1010.06,0.55,,,,20,0,5,,Not scored,GMPP_2024_25.xlsx
Fraud Reform,HO,Government Transformation and Service Delivery,2024-25,HO_0229_2223-Q4,431.4,1.92,35.972404730617605,,,10,5,5,,Not scored,GMPP_2024_25.xlsx
UK HOLOCAUST MEMORIAL AND LEARNING CENTRE,MHCLG,Infrastructure and Construction,2024-25,MHCLG_0005_2021-Q4,142.88,46.88,,,,10,0,15,,Not scored,GMPP_2024_25.xlsx
HOUSING INFRASTRUCTURE FUND,MHCLG,Infrastructure and Construction,2024-25,MHCLG_0004_2021-Q4,4263.7,0.64,134.98685939553218,AMBER,25.0,20,20,5,70.0,Critical,GMPP_2024_25.xlsx
Towns Fund,MHCLG,Infrastructure and Construction,2024-25,MHCLG_0007_2122-Q1,3106.0,7.21,,,,20,0,5,,Not scored,GMPP_2024_25.xlsx
Affordable Homes Programme (AHP),MHCLG,Infrastructure and Construction,2024-25,DLUHC_0138_2223-Q1,12337.0,5.05,,AMBER,25.0,25,0,5,55.0,High,GMPP_2024_25.xlsx
ELECTORAL INTEGRITY PROGRAMME,MHCLG,Government Transformation and Service Delivery,2024-25,CO_0025_2021-Q3,388.0,4.04,,GREEN,5.0,10,0,5,20.0,Low,GMPP_2024_25.xlsx
DIGITAL PLANNING PROGRAMME,MHCLG,Government Transformation and Service Delivery,2024-25,DLUHC_0181_2223-Q3,148.34,16.27,78.87647831800263,AMBER,25.0,10,15,10,60.0,High,GMPP_2024_25.xlsx
GRENFELL SITE AND PROGRAMME,MHCLG,Infrastructure and Construction,2024-25,MHCLG_0001_1920-Q3,,,140.5059132720105,,,0,20,0,,Not scored,GMPP_2024_25.xlsx
"Brownfield, Infrastructure & Land (BIL) ",MHCLG,Infrastructure and Construction,2024-25,DLUHC_0364_2324-Q4,1497.79,12.15,,AMBER,25.0,20,0,10,55.0,High,GMPP_2024_25.xlsx
Levelling Up Fund,MHCLG,Infrastructure and Construction,2024-25,MHCLG_0017_2122-Q2,4799.75,4.14,84.92115637319316,,,20,15,5,,Not scored,GMPP_2024_25.xlsx
Remediation Portfolio,MHCLG,Infrastructure and Construction,2024-25,DLUHC_0250_2324-Q1,9915.0,15.39,153.15374507227332,AMBER,25.0,25,20,10,80.0,Critical,GMPP_2024_25.xlsx
Levelling Up Home Building Fund,MHCLG,Infrastructure and Construction,2024-25,DLUHC_0135_2223-Q1,2076.0,18.83,136.13666228646517,,,20,20,10,,Not scored,GMPP_2024_25.xlsx
Freeports,MHCLG,Infrastructure and Construction,2024-25,MHCLG_0008_2122-Q1,256.3,0.0,106.70170827858081,AMBER,25.0,10,15,0,50.0,High,GMPP_2024_25.xlsx
A400M,MOD,Military Capability,2024-25,MOD_0001_1112-Q1,4111.81,13.57,377.98948751642575,,,20,20,10,,Not scored,GMPP_2024_25.xlsx
CHINOOK CAPABILITY SUSTAINMENT PROGRAMME (CSP),MOD,Military Capability,2024-25,MOD_0009_2122-Q2,1913.51,12.62,165.0131406044678,AMBER,25.0,20,20,10,75.0,Critical,GMPP_2024_25.xlsx
FUTURE CRUISE ANTI SHIP WEAPON (FCASW),MOD,Military Capability,2024-25,MOD_0139_2122-Q1,,18.76,309.9211563731931,,,0,20,10,,Not scored,GMPP_2024_25.xlsx
NEXT GENERATION (FIXED) COMMUNICATION NETWORK,MOD,Military Capability,2024-25,MOD_0126_2021-Q4,,19.8,115.44021024967148,AMBER,25.0,0,15,10,50.0,High,GMPP_2024_25.xlsx
FUTURE COMBAT AIR SYSTEM,MOD,Military Capability,2024-25,MOD_0122_2021-Q4,,1.88,,RED,40.0,0,0,5,45.0,Medium,GMPP_2024_25.xlsx
BRIMSTONE 3,MOD,Military Capability,2024-25,MOD_0141_2122-Q1,,,141.16294349540078,,,0,20,0,,Not scored,GMPP_2024_25.xlsx
Future Materials Campus,MOD,Military Capability,2024-25,MOD_0247_2324-Q1,,20.36,,,,0,0,15,,Not scored,GMPP_2024_25.xlsx
ASTUTE BOATS 1-7,MOD,Military Capability,2024-25,MOD_0076_1213-Q1,11571.12,6.61,,,,25,0,5,,Not scored,GMPP_2024_25.xlsx
MODNET EVOLVE,MOD,Military Capability,2024-25,MOD_0110_1718-Q1,370.68,27.8,,AMBER,25.0,10,0,15,50.0,High,GMPP_2024_25.xlsx
SUBMARINE WATERFRONT INFRASTRUCTURE FUTURE,MOD,Infrastructure and Construction,2024-25,MOD_0011_2122-Q2,2190.7,28.63,,RED,40.0,20,0,15,75.0,Critical,GMPP_2024_25.xlsx
MINE HUNTING CAPABILITY,MOD,Military Capability,2024-25,MOD_0124_2021-Q4,,,233.93561103810774,,,0,20,0,,Not scored,GMPP_2024_25.xlsx
CLYDE INFRASTRUCTURE,MOD,Military Capability,2024-25,MOD_0118_1718-Q3,1876.3,5.69,,,,20,0,5,,Not scored,GMPP_2024_25.xlsx
SEA VENOM,MOD,Military Capability,2024-25,MOD_0138_2122-Q1,,,189.61892247043363,,,0,20,0,,Not scored,GMPP_2024_25.xlsx
MECHANISED INFANTRY PROGRAMME,MOD,Military Capability,2024-25,MOD_0115_1718-Q2,7009.3,26.74,185.08541392904073,AMBER,25.0,25,20,15,85.0,Critical,GMPP_2024_25.xlsx
MULTI ROLE STRIKE SHIP,MOD,Military Capability,2024-25,MOD_0320_2324-Q3,,83.18,,AMBER,25.0,0,0,15,40.0,Medium,GMPP_2024_25.xlsx
PROTECTOR,MOD,Military Capability,2024-25,MOD_0107_1617-Q1,1523.18,36.84,205.9789750328515,RED,40.0,20,20,15,95.0,Critical,GMPP_2024_25.xlsx
EUROPEAN COMMON RADAR SYSTEM MK 2,MOD,Military Capability,2024-25,MOD_0137_2122-Q1,2902.02,0.35,133.01576872536137,AMBER,25.0,20,20,5,70.0,Critical,GMPP_2024_25.xlsx
CROWSNEST PROGRAMME,MOD,Military Capability,2024-25,MOD_0017_1112-Q1,507.71,77.4,148.3574244415243,GREEN,5.0,15,20,15,55.0,High,GMPP_2024_25.xlsx
NAVAL SUPPORT INTEGRATED GLOBAL NETWORK (NSIGN),MOD,Military Capability,2024-25,MOD_0136_2122-Q1,20264.02,,90.63731931668856,,,25,15,0,,Not scored,GMPP_2024_25.xlsx
ARMOURED CAVALRY 2025,MOD,Military Capability,2024-25,MOD_0091_1415-Q3,7505.71,25.18,194.21813403416556,,,25,20,15,,Not scored,GMPP_2024_25.xlsx
DEFENCE ESTATE OPTIMISATION,MOD,Military Capability,2024-25,MOD_0114_1718-Q1,6376.29,9.35,293.95532194480944,,,25,20,5,,Not scored,GMPP_2024_25.xlsx
SUBMERSIBLE SHIP NUCLEAR AUKUS,MOD,Military Capability,2024-25,MOD_0007_2122-Q2,,27.17,,AMBER,25.0,0,0,15,40.0,Medium,GMPP_2024_25.xlsx
COLLECTIVE TRAINING TRANSFORMATION PROGRAMME,MOD,Military Capability,2024-25,MOD_0121_2021-Q4,2106.6,0.0,161.59658344283835,AMBER,25.0,20,20,0,65.0,High,GMPP_2024_25.xlsx
LAND ENVIRONMENT TACTICAL COMMUNICATION AND INFORMATION SYSTEMS,MOD,Military Capability,2024-25,MOD_0105_1617-Q1,8208.31,56.11,266.4586070959264,RED,40.0,25,20,15,100.0,Critical,GMPP_2024_25.xlsx
SPEARCAP 3,MOD,Military Capability,2024-25,MOD_0140_2122-Q1,,,431.6360052562418,,,0,20,0,,Not scored,GMPP_2024_25.xlsx
TEUTATES,MOD,Military Capability,2024-25,MOD_0134_2122-Q1,,,611.9250985545335,,,0,20,0,,Not scored,GMPP_2024_25.xlsx
SPEARFISH UPGRADE PROGRAMME,MOD,Military Capability,2024-25,MOD_0047_1112-Q1,,,,,,0,0,0,,Not scored,GMPP_2024_25.xlsx
ARMED FORCES RECRUITING PROGRAMME,MOD,Military Capability,2024-25,MOD_0119_1920-Q2,,,121.51773981603154,AMBER,25.0,0,20,0,45.0,Medium,GMPP_2024_25.xlsx
DREADNOUGHT,MOD,Military Capability,2024-25,MOD_0080_1213-Q1,,,,,,0,0,0,,Not scored,GMPP_2024_25.xlsx
E7 WEDGETAIL,MOD,Military Capability,2024-25,MOD_0120_2021-Q2,1962.75,52.57,115.76872536136662,,,20,15,15,,Not scored,GMPP_2024_25.xlsx
METEOR,MOD,Military Capability,2024-25,MOD_0143_2122-Q1,,,557.5229960578187,,,0,20,0,,Not scored,GMPP_2024_25.xlsx
TYPE 31,MOD,Military Capability,2024-25,MOD_0112_1718-Q1,,,,RED,40.0,0,0,0,40.0,Medium,GMPP_2024_25.xlsx
MARSHALL,MOD,Military Capability,2024-25,MOD_0033_1112-Q1,1828.06,14.4,246.9119579500657,,,20,20,10,,Not scored,GMPP_2024_25.xlsx
CORE PRODUCTION CAPABILITY,MOD,Military Capability,2024-25,MOD_0078_1213-Q1,5930.6,5.86,380.2233902759527,RED,40.0,25,20,5,90.0,Critical,GMPP_2024_25.xlsx
"LAND INTELLIGENCE, SURVEILLANCE, TARGET ACQUISITION AND RECONNAISSANCE (ISTAR)",MOD,Military Capability,2024-25,MOD_0056_2122-Q3,1878.28,55.67,107.16162943495401,RED,40.0,20,15,15,90.0,Critical,GMPP_2024_25.xlsx
SUBMARINE DISMANTLING PROJECT,MOD,Military Capability,2024-25,MOD_0135_2122-Q1,400.38,17.46,168.03547963206307,,,10,20,10,,Not scored,GMPP_2024_25.xlsx
TYPE 26 GLOBAL COMBAT SHIP PROGRAMME,MOD,Military Capability,2024-25,MOD_0055_1112-Q1,,,,,,0,0,0,,Not scored,GMPP_2024_25.xlsx
GROUND BASED AIR DEFENCE (GBAD),MOD,Military Capability,2024-25,MOD_0144_2122-Q1,2967.59,71.07,185.9724047306176,,,20,20,15,,Not scored,GMPP_2024_25.xlsx
ARMOUR MBT 2025,MOD,Military Capability,2024-25,MOD_0104_1617-Q1,1916.53,7.34,197.53613666228645,,,20,20,5,,Not scored,GMPP_2024_25.xlsx
MARTLET,MOD,Military Capability,2024-25,MOD_0142_2122-Q1,,,175.65703022339028,,,0,20,0,,Not scored,GMPP_2024_25.xlsx
FLEET SOLID SUPPORT,MOD,Military Capability,2024-25,MOD_0116_1718-Q2,,29.24,,,,0,0,15,,Not scored,GMPP_2024_25.xlsx
SKYNET 6 (AKA FBLOS),MOD,Military Capability,2024-25,MOD_0100_1516-Q1,,,371.9448094612352,RED,40.0,0,20,0,60.0,High,GMPP_2024_25.xlsx
MENSA,MOD,Military Capability,2024-25,MOD_0132_2122-Q1,2929.6,0.0,,AMBER,25.0,20,0,0,45.0,Medium,GMPP_2024_25.xlsx
NEW STYLE OF INFORMATION TECHNOLOGY DEPLOYED,MOD,ICT,2024-25,MOD_0109_1617-Q2,1399.03,11.02,167.96977660972405,,,20,20,10,,Not scored,GMPP_2024_25.xlsx
LIGHTNING PROGRAMME,MOD,Military Capability,2024-25,MOD_0079_1213-Q1,,,293.92247043363994,,,0,20,0,,Not scored,GMPP_2024_25.xlsx
JOINT CRYPT KEY PROGRAMME,MOD,Military Capability,2024-25,MOD_0111_1718-Q1,,,,,,0,0,0,,Not scored,GMPP_2024_25.xlsx
NEW MEDIUM HELICOPTER,MOD,Military Capability,2024-25,MOD_0125_2021-Q4,1222.09,19.5,137.02365308804204,AMBER,25.0,20,20,10,75.0,Critical,GMPP_2024_25.xlsx
10K Additional Prison Places Estate Expansion Houseblocks and Refurbishments,MOJ,Infrastructure and Construction,2024-25,MOJ_0113_2122-Q2,,7.94,119.67805519053876,RED,40.0,0,15,5,60.0,High,GMPP_2024_25.xlsx
10K Additional Prison Places Estate Expansion Category D,MOJ,Infrastructure and Construction,2024-25,MOJ_0111_2122-Q2,,82.09,115.86727989487515,RED,40.0,0,15,15,70.0,Critical,GMPP_2024_25.xlsx
PFI Prison Expiry and Transfer Tranche 2,MOJ,Government Transformation and Service Delivery,2024-25,MOJ_0060_2122-Q3,3862.16,63.94,57.26018396846255,,,20,10,15,,Not scored,GMPP_2024_25.xlsx
Accelerated Houseblocks,MOJ,Infrastructure and Construction,2024-25,MOJ_0053_2021-Q4,,38.79,93.36399474375821,AMBER,25.0,0,15,15,55.0,High,GMPP_2024_25.xlsx
Electronic Monitoring Expansion,MOJ,Government Transformation and Service Delivery,2024-25,MOJ_0058_2122-Q1,857.61,5.4,58.93561103810775,AMBER,25.0,15,10,5,55.0,High,GMPP_2024_25.xlsx
PFI Prison Expiry and Transfer Tranche 3,MOJ,Government Transformation and Service Delivery,2024-25,MOJ_0365_2425-Q1,4614.55,6.04,61.432325886990796,,,20,15,5,,Not scored,GMPP_2024_25.xlsx
Drug Testing Services,MOJ,Government Transformation and Service Delivery,2024-25,MOJ_0073_2122-Q4,58.6,9.09,54.23784494086728,,,5,10,5,,Not scored,GMPP_2024_25.xlsx
Property Transformation Programme,MOJ,Government Transformation and Service Delivery,2024-25,MOJ_0220_2223-Q4,6826.6,29.61,71.9119579500657,,,25,15,15,,Not scored,GMPP_2024_25.xlsx
Rapid Deployment Cells Project,MOJ,Infrastructure and Construction,2024-25,MOJ_0057_2122-Q1,,72.78,90.37450722733246,AMBER,25.0,0,15,15,55.0,High,GMPP_2024_25.xlsx
Secure Children's Homes Commissioning,MOJ,Government Transformation and Service Delivery,2024-25,MOJ_0259_2324-Q1,246.01,5.3,44.086727989487514,,,10,10,5,,Not scored,GMPP_2024_25.xlsx
Evolve: WAN/LAN (Networks),MOJ,ICT,2024-25,MOJ_0050_2122-Q3,253.2,80.77,82.62155059132719,,,10,15,15,,Not scored,GMPP_2024_25.xlsx
Decommission and Legacy Risk Migration (DLRM),MOJ,ICT,2024-25,MOJ_0061_2122-Q3,273.35,3.43,80.97897503285151,,,10,15,5,,Not scored,GMPP_2024_25.xlsx
10k Additional Prison Places - New Build,MOJ,Infrastructure and Construction,2024-25,MOJ_0050_2021-Q1,,78.26,146.94480946123522,AMBER,25.0,0,20,15,60.0,High,GMPP_2024_25.xlsx
Small Secure Houseblocks ,MOJ,Infrastructure and Construction,2024-25,MOJ_0144_2223-Q2,,4.32,72.99605781865965,RED,40.0,0,15,5,60.0,High,GMPP_2024_25.xlsx
HMCTS Reform,MOJ,Government Transformation and Service Delivery,2024-25,MOJ_0028_1314-Q2,1228.61,0.91,99.93429697766096,GREEN,5.0,20,15,5,45.0,Medium,GMPP_2024_25.xlsx
Evolve: Voice & Video,MOJ,ICT,2024-25,MOJ_0049_2122-Q3,385.21,43.61,74.08015768725362,,,10,15,15,,Not scored,GMPP_2024_25.xlsx
Evolve: End User Computer Service (EUCS),MOJ,ICT,2024-25,MOJ_0062_2122-Q3,193.31,23.23,53.942181340341655,,,10,10,15,,Not scored,GMPP_2024_25.xlsx
Prisoner Education Services,MOJ,Government Transformation and Service Delivery,2024-25,MOJ_0064_2122-Q3,1870.8,6.11,56.99737187910644,,,20,10,5,,Not scored,GMPP_2024_25.xlsx
Future Population and Migration Statistics (FPMS) Programme,ONS,Government Transformation and Service Delivery,2024-25,ONS_0261_2324-Q1,82.61,0.0,26.084099868593952,,,5,5,0,,Not scored,GMPP_2024_25.xlsx
Integrated Data Programme (IDP),ONS,Government Transformation and Service Delivery,2024-25,ONS_0003_2021-Q4,284.6,1.08,74.93429697766096,RED,40.0,10,15,5,70.0,Critical,GMPP_2024_25.xlsx
VOA NextGen Rating Programme,VOA,Government Transformation and Service Delivery,2024-25,HMRC_0143_2223-Q2,328.5,21.31,65.9658344283837,AMBER,25.0,10,15,15,65.0,High,GMPP_2024_25.xlsx
VOA Business Systems Transformation (BST) Council Tax,VOA,Government Transformation and Service Delivery,2024-25,HMRC_0291_2324-Q3,236.34,9.37,67.6084099868594,,,10,15,5,,Not scored,GMPP_2024_25.xlsx
Falcon Programme,CO,Government Transformation and Service Delivery,2025-26,CO_0176_2223-Q3,23.11,41.38,56.01182654402102,,,5,10,15,,Not scored,GMPP_2025_26.xlsx
Manchester Digital Campus,CO,Infrastructure and Construction,2025-26,CO_0438_2425-Q3,1029.78,0.0,92.34559789750328,AMBER,25.0,20,15,0,60.0,High,GMPP_2025_26.xlsx
Future Service Programme,CO,Information and Communications Technology (ICT),2025-26,CO_0027_2021-Q4,,,74.96714848883049,,,0,15,0,,Not scored,GMPP_2025_26.xlsx
Transforming Public Procurement,CO,Government Transformation and Service Delivery,2025-26,CO_0120_2223-Q1,32.47,31.96,62.91064388961892,,,5,15,15,,Not scored,GMPP_2025_26.xlsx
POST OFFICE - TRANSFORMATION,DBT,Information and Communications Technology (ICT),2025-26,DBT_0293_2324-Q3,1553.73,15.31,,AMBER,25.0,20,0,10,55.0,High,GMPP_2025_26.xlsx
Drive 35,DBT,Infrastructure and Construction,2025-26,DBT_0295_2526-Q2,1841.78,5.18,,,,20,0,5,,Not scored,GMPP_2025_26.xlsx
AUTOMOTIVE TRANSFORMATION FUND (ATF),DBT,Infrastructure and Construction,2025-26,BEIS_0090_2122-Q4,702.72,82.68,,,,15,0,15,,Not scored,GMPP_2025_26.xlsx
Strategic Sites Accelerator (SSA),DBT,Infrastructure and Construction,2025-26,DBT_0296_2526-Q2,,,,AMBER,25.0,0,0,0,25.0,Low,GMPP_2025_26.xlsx
British Museum - Energy Centre Programme (ECP),DCMS,Infrastructure and Construction,2025-26,DCMS_0254_2324-Q1,181.97,0.0,93.00262812089356,,,10,15,0,,Not scored,GMPP_2025_26.xlsx
Youth Investment Fund,DCMS,Infrastructure and Construction,2025-26,DCMS_0118_2223-Q1,360.15,5.71,,,,10,0,5,,Not scored,GMPP_2025_26.xlsx
Natural History Museum Unlocked,DCMS,Infrastructure and Construction,2025-26,DCMS_0018_2021-Q3,213.15,0.14,,,,10,0,5,,Not scored,GMPP_2025_26.xlsx
EURO 2028,DCMS,Government Transformation and Service Delivery,2025-26,DCMS_0321_2324-Q3,511.63,2.05,,AMBER,25.0,15,0,5,45.0,Medium,GMPP_2025_26.xlsx
4th National Lottery Licence,DCMS,Government Transformation and Service Delivery,2025-26,DCMS_0013_1819-Q3,174.46,15.42,90.44021024967148,AMBER,25.0,10,15,10,60.0,High,GMPP_2025_26.xlsx
NORTHERN IRELAND,DEFRA,Government Transformation and Service Delivery,2025-26,DEFRA_0015_2122-Q1,430.55,9.92,61.333771353482256,,,10,15,5,,Not scored,GMPP_2025_26.xlsx
EU Delivery Programme,DEFRA,Government Transformation and Service Delivery,2025-26,DEFRA_0587_2526-Q3,832.04,29.19,,AMBER,25.0,15,0,15,55.0,High,GMPP_2025_26.xlsx
Livestock Information Transformation Programme,DEFRA,Government Transformation and Service Delivery,2025-26,DEFRA_0348_2324-Q4,525.5,2.18,,RED,40.0,15,0,5,60.0,High,GMPP_2025_26.xlsx
FARMING AND COUNTRYSIDE PROGRAMME,DEFRA,Government Transformation and Service Delivery,2025-26,DEFRA_0008_2021-Q1,25494.95,9.38,140.0131406044678,RED,40.0,25,20,5,90.0,Critical,GMPP_2025_26.xlsx
National Biosecurity Centre (Weybridge),DEFRA,Infrastructure and Construction,2025-26,DEFRA_0007_2021-Q1,2485.6,33.64,185.9724047306176,GREEN,5.0,20,20,15,60.0,High,GMPP_2025_26.xlsx
Flood and Coastal Risk Management (FCRM) Investment Programme 2026-2029,DEFRA,Infrastructure and Construction,2025-26,,3861.52,,35.972404730617605,AMBER,25.0,20,5,0,50.0,High,GMPP_2025_26.xlsx
NO2 PROGRAMME,DEFRA,Infrastructure and Construction,2025-26,DEFRA_0014_2021-Q4,843.04,16.52,122.93035479632063,,,15,20,10,,Not scored,GMPP_2025_26.xlsx
FLOOD AND COASTAL EROSION RISK MANAGEMENT,DEFRA,Infrastructure and Construction,2025-26,DEFRA_0236_2324-Q1,4835.25,1.8,71.94480946123521,GREEN,5.0,20,15,5,45.0,Medium,GMPP_2025_26.xlsx
"COLLECTIONS, PACKAGING AND REFORMS PROGRAMME",DEFRA,Government Transformation and Service Delivery,2025-26,DEFRA_0040_2122-Q3,5204.73,3.24,121.97766097240472,AMBER,25.0,25,20,5,75.0,Critical,GMPP_2025_26.xlsx
TERRESTRIAL NATURAL CAPITAL ECOSYSTEM ASSESSMENT,DEFRA,Government Transformation and Service Delivery,2025-26,DEFRA_0190_2223-Q3,325.68,1.5,95.9592641261498,,,10,15,5,,Not scored,GMPP_2025_26.xlsx
NATURE FOR CLIMATE FUND,DEFRA,Infrastructure and Construction,2025-26,DEFRA_0013_2021-Q4,1272.06,0.0,,AMBER,25.0,20,0,0,45.0,Medium,GMPP_2025_26.xlsx
Cefas Infrastructure to Support Future Delivery at Sea,DEFRA,Government Transformation and Service Delivery,2025-26,DEFRA_0349_2324-Q4,152.89,,,,,10,0,0,,Not scored,GMPP_2025_26.xlsx
Boiler Upgrade Scheme,DESNZ,Infrastructure and Construction,2025-26,DESNZ_0375_2425-Q1,3054.03,17.86,,,,20,0,10,,Not scored,GMPP_2025_26.xlsx
SOCIAL HOUSING DECARBONISATION FUND ,DESNZ,Infrastructure and Construction,2025-26,BEIS_0014_2021-Q4,2256.29,0.12,114.65177398160314,AMBER,25.0,20,15,5,65.0,High,GMPP_2025_26.xlsx
SELLAFIELD PRODUCT AND RESIDUE STORE RETREATMENT PLANT PROJECT,DESNZ,Infrastructure and Construction,2025-26,BEIS_0008_2021-Q3,1432.89,11.32,231.7345597897503,,,20,20,10,,Not scored,GMPP_2025_26.xlsx
Warm Homes Agency,DESNZ,Government Transformation and Service Delivery,2025-26,DESNZ_0542_2526-Q2,276.69,16.77,41.75427069645203,RED,40.0,10,10,10,70.0,Critical,GMPP_2025_26.xlsx
Review of Electricity Market Arrangements (REMA),DESNZ,Government Transformation and Service Delivery,2025-26,DESNZ_0333_2324-Q4,29.18,53.38,26.773981603153743,,,5,5,15,,Not scored,GMPP_2025_26.xlsx
GREEN HEAT NETWORK FUND,DESNZ,Infrastructure and Construction,2025-26,BEIS_0115_2223-Q1,730.01,1.54,96.71484888304862,,,15,15,5,,Not scored,GMPP_2025_26.xlsx
HyNet Cluster,DESNZ,Infrastructure and Construction,2025-26,DESNZ_0457_2425-Q3,,,,,,0,0,0,,Not scored,GMPP_2025_26.xlsx
Great British Energy,DESNZ,Infrastructure and Construction,2025-26,DESNZ_0472_2425-Q4,,,,AMBER,25.0,0,0,0,25.0,Low,GMPP_2025_26.xlsx
GBE-N SMR Programme,DESNZ,Infrastructure and Construction,2025-26,BEIS_0233_2223-Q4,,,,,,0,0,0,,Not scored,GMPP_2025_26.xlsx
GEOLOGICAL DISPOSAL FACILITY,DESNZ,Infrastructure and Construction,2025-26,DECC_0005_1112-Q1,26350.29,21.71,,RED,40.0,25,0,15,80.0,Critical,GMPP_2025_26.xlsx
Sizewell C Project,DESNZ,Infrastructure and Construction,2025-26,BEIS_0019_2122-Q1,,,,,,0,0,0,,Not scored,GMPP_2025_26.xlsx
Hydrogen Allocation Round 1 (HAR1),DESNZ,Infrastructure and Construction,2025-26,DESNZ_0334_2324-Q3,2461.71,90.33,239.32325886990802,,,20,20,15,,Not scored,GMPP_2025_26.xlsx
East Coast Cluster (ECC),DESNZ,Infrastructure and Construction,2025-26,DESNZ_0458_2425-Q3,,,,,,0,0,0,,Not scored,GMPP_2025_26.xlsx
PUBLIC SECTOR DECARBONISATION SCHEME,DESNZ,Infrastructure and Construction,2025-26,BEIS_0013_2021-Q4,3759.0,7.72,92.73981603153744,,,20,15,5,,Not scored,GMPP_2025_26.xlsx
BEPPS2,DESNZ,Infrastructure and Construction,2025-26,BEIS_0241_2324-Q1,727.6,1.45,211.892247043364,,,15,20,5,,Not scored,GMPP_2025_26.xlsx
Hydrogen Allocation Round 2 (HAR2),DESNZ,Infrastructure and Construction,2025-26,DESNZ_0397_2425-Q2,9427.02,,216.55716162943494,RED,40.0,25,20,0,85.0,Critical,GMPP_2025_26.xlsx
Spherical Tokamak for Energy Production,DESNZ,Infrastructure and Construction,2025-26,BEIS_0153_2223-Q2,,0.63,320.4993429697766,AMBER,25.0,0,20,5,50.0,High,GMPP_2025_26.xlsx
Warm Homes: Local Grant,DESNZ,Infrastructure and Construction,2025-26,DESNZ_0471_2425-Q4,454.52,37.35,47.8646517739816,AMBER,25.0,10,10,15,60.0,High,GMPP_2025_26.xlsx
SIXEP CONTINUITY PLANT,DESNZ,Infrastructure and Construction,2025-26,BEIS_0009_2021-Q3,1097.5,23.84,220.86070959264126,,,20,20,15,,Not scored,GMPP_2025_26.xlsx
Smart Metering Implementation Programme,DESNZ,Infrastructure and Construction,2025-26,DECC_0010_1112-Q1,20176.55,,252.9237844940867,,,25,20,0,,Not scored,GMPP_2025_26.xlsx
T-Levels,DFE,Government Transformation and Service Delivery,2025-26,DFE_0010_1819-Q1,2025.0,10.96,142.21419185282522,,,20,20,10,,Not scored,GMPP_2025_26.xlsx
Families First Partnership Programme,DFE,Government Transformation and Service Delivery,2025-26,DFT_0498_2526-Q2,2922.61,3.7,47.96320630749014,,,20,10,5,,Not scored,GMPP_2025_26.xlsx
School Rebuilding Programme,DFE,Infrastructure and Construction,2025-26,DFE_0018_2021-Q3,,,,,,0,0,0,,Not scored,GMPP_2025_26.xlsx
School-based nurseries,DFE,Infrastructure and Construction,2025-26,DFE_0496_2526-Q1,369.85,9.19,61.892247043363994,,,10,15,5,,Not scored,GMPP_2025_26.xlsx
Early Years Childcare Reform Programme,DFE,Government Transformation and Service Delivery,2025-26,DFE_0272_2324-Q2,16207.65,0.0,,GREEN,5.0,25,0,0,30.0,Medium,GMPP_2025_26.xlsx
Free Breakfast Clubs,DFE,Government Transformation and Service Delivery,2025-26,DFE_0495_2526-Q1,,,,,,0,0,0,,Not scored,GMPP_2025_26.xlsx
FE Capital Transformation,DFE,Infrastructure and Construction,2025-26,DFE_0015_2021-Q3,2057.2,0.66,113.96189224704337,,,20,15,5,,Not scored,GMPP_2025_26.xlsx
Lifelong Learning Entitlement,DFE,Government Transformation and Service Delivery,2025-26,DFE_0109_2223-Q1,,,,,,0,0,0,,Not scored,GMPP_2025_26.xlsx
Children's Homes Capital Programme,DFE,Infrastructure and Construction,2025-26,,610.13,0.0,,,,15,0,0,,Not scored,GMPP_2025_26.xlsx
HS2 PHASE I,DFT,Infrastructure and Construction,2025-26,DFT_0040_2021-Q1,,0.0,,RED,40.0,0,0,0,40.0,Medium,GMPP_2025_26.xlsx
2ND GENERATION UK SEARCH AND RESCUE AVIATION,DFT,Government Transformation and Service Delivery,2025-26,DFT_0048_2021-Q3,2046.47,5.04,84.526938239159,,,20,15,5,,Not scored,GMPP_2025_26.xlsx
EAST WEST RAIL CONNECTION STATE 1,DFT,Infrastructure and Construction,2025-26,DFT_0046_2021-Q2,,19.9,,,,0,0,10,,Not scored,GMPP_2025_26.xlsx
REDEVELOPMENT EUSTON CONVENTIONAL STATION (RECS),DFT,Infrastructure and Construction,2025-26,DFT_0139_2223-Q1,,0.0,,,,0,0,0,,Not scored,GMPP_2025_26.xlsx
EAST COAST DIGITAL PROGRAMME,DFT,Infrastructure and Construction,2025-26,DFT_0038_1920-Q4,3030.39,15.88,161.43232588699078,RED,40.0,20,20,10,90.0,Critical,GMPP_2025_26.xlsx
EAST COAST MAINLINE PROGRAMME,DFT,Infrastructure and Construction,2025-26,DFT_0033_1819-Q1,1276.49,,157.03022339027595,,,20,20,0,,Not scored,GMPP_2025_26.xlsx
LOWER THAMES CROSSING,DFT,Infrastructure and Construction,2025-26,DFT_0022_1415-Q4,9899.54,0.0,254.00788436268067,AMBER,25.0,25,20,0,70.0,Critical,GMPP_2025_26.xlsx
NORTHERN POWERHOUSE RAIL,DFT,Infrastructure and Construction,2025-26,DFT_0141_2223-Q1,45000.0,69.79,430.91327201051246,AMBER,25.0,25,20,15,85.0,Critical,GMPP_2025_26.xlsx
A428 BLACK CAT TO CAXTON GIBBET,DFT,Infrastructure and Construction,2025-26,DFT_0031_1819-Q1,,3.98,,,,0,0,5,,Not scored,GMPP_2025_26.xlsx
Rail Reform: Stand-Up of GBR,DFT,Government Transformation and Service Delivery,2025-26,DFT_0413_2425-Q2,,,,RED,40.0,0,0,0,40.0,Medium,GMPP_2025_26.xlsx
PUBLIC OWNERSHIP TRANSITION PROGRAMME,DFT,Government Transformation and Service Delivery,2025-26,DFT_0439_2425-Q3,36.6,9.81,36.859395532194476,AMBER,25.0,5,10,5,45.0,Medium,GMPP_2025_26.xlsx
A66 Northern Trans-Pennine,DFT,Infrastructure and Construction,2025-26,DFT_0047_2021-Q3,,0.0,111.892247043364,,,0,15,0,,Not scored,GMPP_2025_26.xlsx
EAST WEST RAIL CONNECTION STATE 2 AND 3,DFT,Infrastructure and Construction,2025-26,DFT_0052_2122-Q1,,4.89,280.9789750328515,,,0,20,5,,Not scored,GMPP_2025_26.xlsx
A417 AIR BALLOON,DFT,Infrastructure and Construction,2025-26,DFT_0044_2021-Q2,542.63,6.8,148.98160315374506,,,15,20,5,,Not scored,GMPP_2025_26.xlsx
MIDLANDS RAIL HUB,DFT,Infrastructure and Construction,2025-26,DFT_0043_2021-Q2,948.37,0.0,284.9868593955322,,,15,20,0,,Not scored,GMPP_2025_26.xlsx
TRANSPENNINE ROUTE UPGRADE,DFT,Infrastructure and Construction,2025-26,DFT_0037_1920-Q3,10658.6,0.18,291.5243101182654,,,25,20,5,,Not scored,GMPP_2025_26.xlsx
UK Health Security Campus,DHSC,Infrastructure and Construction,2025-26,DOH_0017_1112-Q1,,,,,,0,0,0,,Not scored,GMPP_2025_26.xlsx
FRONTLINE DIGITISATION,DHSC,Information and Communications Technology (ICT),2025-26,DHSC_0071_2122-Q1,2080.52,2.61,59.95400788436268,AMBER,25.0,20,10,5,60.0,High,GMPP_2025_26.xlsx
NHS Digital Transformation of Screening,DHSC,Government Transformation and Service Delivery,2025-26,DHSC_0069_2021-Q4,94.5,11.46,131.9316688567674,,,5,20,10,,Not scored,GMPP_2025_26.xlsx
Future NHS Workforce Solution Transformation Programme,DHSC,Information and Communications Technology (ICT),2025-26,DHSC_0041_2122-Q3,,,133.86990801576871,,,0,20,0,,Not scored,GMPP_2025_26.xlsx
MODERNA STRATEGIC PARTNERSHIP PROGRAMME,DHSC,Government Transformation and Service Delivery,2025-26,DHSC_0243_2324-Q1,,,,,,0,0,0,,Not scored,GMPP_2025_26.xlsx
NEW HOSPITAL PROGRAMME,DHSC,Infrastructure and Construction,2025-26,DHSC_0066_2021-Q2,47523.91,24.01,303.05519053876475,AMBER,25.0,25,20,15,85.0,Critical,GMPP_2025_26.xlsx
INTEGRATED SINGLE FINANCIAL ENVIRONMENT,DHSC,Information and Communications Technology (ICT),2025-26,DHSC_0067_2021-Q3,187.99,0.97,91.95137976346912,GREEN,5.0,10,15,5,35.0,Medium,GMPP_2025_26.xlsx
FEDERATED DATA PLATFORM,DHSC,Government Transformation and Service Delivery,2025-26,DHSC_0252_2324-Q1,1084.31,0.71,119.97371879106439,,,20,15,5,,Not scored,GMPP_2025_26.xlsx
Met Office Supercomputer Programme,DSIT,Information and Communications Technology (ICT),2025-26,BEIS_0005_1920-Q4,1204.33,11.68,174.2772667542707,,,20,20,10,,Not scored,GMPP_2025_26.xlsx
GOV.UK One Login,DSIT,Government Transformation and Service Delivery,2025-26,CO_0033_2122-Q1,708.86,5.7,86.82654402102496,AMBER,25.0,15,15,5,60.0,High,GMPP_2025_26.xlsx
Project Gigabit,DSIT,Infrastructure and Construction,2025-26,DCMS_0019_2021-Q4,5214.96,29.11,140.9986859395532,,,25,20,15,,Not scored,GMPP_2025_26.xlsx
Shared Rural Network,DSIT,Infrastructure and Construction,2025-26,DCMS_0020_2122-Q1,328.19,24.62,251.05124835742444,,,10,20,15,,Not scored,GMPP_2025_26.xlsx
MATRIX CLUSTER TRANSFORMATION PROGRAMME,DSIT,Government Transformation and Service Delivery,2025-26,BEIS_0079_2122-Q4,889.81,5.38,67.8712220762155,,,15,15,5,,Not scored,GMPP_2025_26.xlsx
Health Transformation Programme,DWP,Government Transformation and Service Delivery,2025-26,DWP_0028_1819-Q3,735.46,10.98,138.04204993429698,AMBER,25.0,15,20,10,70.0,Critical,GMPP_2025_26.xlsx
Workplace Transformation,DWP,Government Transformation and Service Delivery,2025-26,DWP_0013_2122-Q2,3367.17,2.09,128.94218134034165,AMBER,25.0,20,20,5,70.0,Critical,GMPP_2025_26.xlsx
SERVICE MODERNISATION PROGRAMME,DWP,Government Transformation and Service Delivery,2025-26,DWP_0217_2223-Q4,1150.0,13.19,131.96452036793693,AMBER,25.0,20,20,10,75.0,Critical,GMPP_2025_26.xlsx
PENSIONS DASHBOARD PROGRAMME,DWP,Information and Communications Technology (ICT),2025-26,DWP_0029_2021-Q4,,11.19,95.9592641261498,AMBER,25.0,0,15,10,50.0,High,GMPP_2025_26.xlsx
Connect to Work,DWP,Government Transformation and Service Delivery,2025-26,DWP_0304_2324-Q3,1094.99,1.47,,GREEN,5.0,20,0,5,30.0,Medium,GMPP_2025_26.xlsx
Skills Bootcamps,DWP,Government Transformation and Service Delivery,2025-26,DFE_0017_2021-Q3,790.39,62.08,,,,15,0,15,,Not scored,GMPP_2025_26.xlsx
SYNERGY PROGRAMME,DWP,Government Transformation and Service Delivery,2025-26,DWP_0042_2122-Q3,1990.99,5.21,94.02102496714849,AMBER,25.0,20,15,5,65.0,High,GMPP_2025_26.xlsx
"TOKYO NEW BUILD, REMODELLING AND REFURBISHMENT",FCDO,Infrastructure and Construction,2025-26,FCO_0216_2223-Q4,111.25,49.57,,,,10,0,15,,Not scored,GMPP_2025_26.xlsx
LOCAL LAND CHARGES (LLC) PROGRAMME,HMLR,Government Transformation and Service Delivery,2025-26,BIS_0015_1516-Q1,346.22,6.41,177.95663600525623,,,10,20,5,,Not scored,GMPP_2025_26.xlsx
ENTERPRISE TAX MANAGEMENT PLATFORM (ETMP),HMRC,Government Transformation and Service Delivery,2025-26,HMRC_0292_2324-Q3,480.87,12.61,94.053876478318,,,10,15,10,,Not scored,GMPP_2025_26.xlsx
Enterprise Customer Relationship Management (eCRM) ,HMRC,Government Transformation and Service Delivery,2025-26,HMRC_0543_2526-Q2,256.75,35.83,59.88830486202365,AMBER,25.0,10,10,15,60.0,High,GMPP_2025_26.xlsx
UNITY PROGRAMME,HMRC,Government Transformation and Service Delivery,2025-26,HMRC_0031_2122-Q3,245.97,0.29,86.892247043364,RED,40.0,10,15,5,70.0,Critical,GMPP_2025_26.xlsx
HMRC NORTHERN IRELAND DELIVERY PROGRAMME,HMRC,Information and Communications Technology (ICT),2025-26,HMRC_0164_2223-Q3,712.9,0.0,59.95400788436268,,,15,10,0,,Not scored,GMPP_2025_26.xlsx
MAKING TAX DIGITAL,HMRC,Information and Communications Technology (ICT),2025-26,HMRC_0017_1617-Q2,1484.62,0.34,155.94612352168198,AMBER,25.0,20,20,5,70.0,Critical,GMPP_2025_26.xlsx
BUILDING OUR FUTURE LOCATIONS PROGRAMME,HMRC,Government Transformation and Service Delivery,2025-26,HMRC_0015_1617-Q1,2831.53,5.31,182.95006570302232,,,20,20,5,,Not scored,GMPP_2025_26.xlsx
Contact Centre as a Service (CCaaS),HMRC,Government Transformation and Service Delivery,2025-26,HMRC_0544_2526-Q2,571.86,10.87,30.913272010512483,AMBER,25.0,15,5,10,55.0,High,GMPP_2025_26.xlsx
NS&I Transformation,HMT,Government Transformation and Service Delivery,2025-26,HMT_0004_2021-Q2,,,,RED,40.0,0,0,0,40.0,Medium,GMPP_2025_26.xlsx
NATIONAL STRATEGIC AUTOMATIC NUMBER PLATE RECOGNITION PLATFORM (NSAP),HO,Government Transformation and Service Delivery,2025-26,HO_0332_2324-Q4,391.77,5.91,84.95400788436268,,,10,15,5,,Not scored,GMPP_2025_26.xlsx
MARITIME CAPABILITIES REPLACEMENT PROGRAMME,HO,Government Transformation and Service Delivery,2025-26,HO_0150_2223-Q2,,,,,,0,0,0,,Not scored,GMPP_2025_26.xlsx
Civil Registration Service Transformation (CReST),HO,Government Transformation and Service Delivery,2025-26,HO_0373_2425-Q1,326.85,24.37,,,,10,0,15,,Not scored,GMPP_2025_26.xlsx
ASYLUM TRANSFORMATION PROGRAMME,HO,Government Transformation and Service Delivery,2025-26,HO_0183_2223-Q3,429.95,16.1,,AMBER,25.0,10,0,10,45.0,Medium,GMPP_2025_26.xlsx
FRAUD AND CYBER CRIME REPORTING AND ANALYSIS SERVICE,HO,Government Transformation and Service Delivery,2025-26,HO_0045_2122-Q1,169.06,0.0,,,,10,0,0,,Not scored,GMPP_2025_26.xlsx
RADIOLOGICAL AND NUCLEAR CHANGE PROGRAMME (RNCP),HO,Government Transformation and Service Delivery,2025-26,HO_0047_2122-Q1,,,,,,0,0,0,,Not scored,GMPP_2025_26.xlsx
Asylum Support Accommodation Programme,HO,Government Transformation and Service Delivery,2025-26,HO_0286_2324-Q2,,,,RED,40.0,0,0,0,40.0,Medium,GMPP_2025_26.xlsx
Immigration Removal Centre (IRC) Expansion Programme,HO,Infrastructure and Construction,2025-26,HO_0330_2324-Q4,,,,,,0,0,0,,Not scored,GMPP_2025_26.xlsx
Law Enforcement Data Service,HO,Information and Communications Technology (ICT),2025-26,HO_0036_1617-Q2,1086.68,35.18,152.98948751642575,AMBER,25.0,20,20,15,80.0,Critical,GMPP_2025_26.xlsx
Police National Database (PND),HO,Information and Communications Technology (ICT),2025-26,HO_0331_2324-Q4,282.64,74.22,,AMBER,25.0,10,0,15,50.0,High,GMPP_2025_26.xlsx
EMERGENCY SERVICES MOBILE COMMUNICATIONS,HO,Information and Communications Technology (ICT),2025-26,HO_0016_1213-Q1,18139.58,49.93,,AMBER,25.0,25,0,15,65.0,High,GMPP_2025_26.xlsx
Cerberus,HO,Government Transformation and Service Delivery,2025-26,HO_0042_2021-Q3,285.1,3.41,122.96320630749014,,,10,20,5,,Not scored,GMPP_2025_26.xlsx
ANTI-MONEY LAUNDERING AND ASSET RECOVERY (AMLAR),HO,Government Transformation and Service Delivery,2025-26,HO_0228_2223-Q4,368.47,8.89,,,,10,0,5,,Not scored,GMPP_2025_26.xlsx
FUTURE BORDER AND IMMIGRATION SYSTEM PROGRAMME (FBIS),HO,Government Transformation and Service Delivery,2025-26,HO_0039_1920-Q4,5140.89,18.09,107.95006570302233,AMBER,25.0,25,15,10,75.0,Critical,GMPP_2025_26.xlsx
HOME OFFICE BIOMETRICS (HOB) PROGRAMME,HO,Information and Communications Technology (ICT),2025-26,HO_0033_1415-Q3,1809.85,2.74,152.98948751642575,AMBER,25.0,20,20,5,70.0,Critical,GMPP_2025_26.xlsx
ASYLUM ACCOMMODATION PROGRAMME (AAP),HO,Government Transformation and Service Delivery,2025-26,HO_0149_2223-Q2,,,,RED,40.0,0,0,0,40.0,Medium,GMPP_2025_26.xlsx
Levelling Up Home Building Fund,MHCLG,Infrastructure and Construction,2025-26,DLUHC_0135_2223-Q1,1990.98,17.49,136.13666228646517,,,20,20,10,,Not scored,GMPP_2025_26.xlsx
GRENFELL SITE AND PROGRAMME,MHCLG,Infrastructure and Construction,2025-26,MHCLG_0001_1920-Q3,,,,,,0,0,0,,Not scored,GMPP_2025_26.xlsx
HOUSING INFRASTRUCTURE FUND,MHCLG,Infrastructure and Construction,2025-26,MHCLG_0004_2021-Q4,4250.15,8.96,134.98685939553218,,,20,20,5,,Not scored,GMPP_2025_26.xlsx
"Brownfield, Infrastructure & Land (BIL) ",MHCLG,Infrastructure and Construction,2025-26,DLUHC_0364_2324-Q4,1506.89,0.0,92.96977660972405,,,20,15,0,,Not scored,GMPP_2025_26.xlsx
DIGITAL PLANNING PROGRAMME,MHCLG,Government Transformation and Service Delivery,2025-26,DLUHC_0181_2223-Q3,218.54,0.0,,AMBER,25.0,10,0,0,35.0,Medium,GMPP_2025_26.xlsx
Remediation Portfolio,MHCLG,Infrastructure and Construction,2025-26,DLUHC_0250_2324-Q1,9726.6,5.3,153.15374507227332,RED,40.0,25,20,5,90.0,Critical,GMPP_2025_26.xlsx
Freeports,MHCLG,Infrastructure and Construction,2025-26,MHCLG_0008_2122-Q1,378.33,0.0,133.83705650459922,,,10,20,0,,Not scored,GMPP_2025_26.xlsx
UK HOLOCAUST MEMORIAL AND LEARNING CENTRE,MHCLG,Infrastructure and Construction,2025-26,MHCLG_0005_2021-Q4,141.87,55.21,,,,10,0,15,,Not scored,GMPP_2025_26.xlsx
Affordable Homes Programme (AHP),MHCLG,Infrastructure and Construction,2025-26,DLUHC_0138_2223-Q1,12230.5,0.0,110.84099868593955,AMBER,25.0,25,15,0,65.0,High,GMPP_2025_26.xlsx
FUTURE CRUISE ANTI SHIP WEAPON (FCASW),MOD,Military Capability,2025-26,MOD_0139_2122-Q1,,,631.9316688567674,,,0,20,0,,Not scored,GMPP_2025_26.xlsx
MODNET EVOLVE,MOD,Information and Communications Technology (ICT),2025-26,MOD_0110_1718-Q1,309.19,38.37,125.0,GREEN,5.0,10,20,15,50.0,High,GMPP_2025_26.xlsx
PROTECTOR,MOD,Military Capability,2025-26,MOD_0107_1617-Q1,1732.77,33.4,253.97503285151114,,,20,20,15,,Not scored,GMPP_2025_26.xlsx
MULTI ROLE STRIKE SHIP,MOD,Military Capability,2025-26,MOD_0320_2324-Q3,,,189.9802890932983,,,0,20,0,,Not scored,GMPP_2025_26.xlsx
FUTURE AIR DOMINANCE SYSTEM,MOD,Military Capability,2025-26,MOD_0479_2425-Q4,,30.71,282.95006570302235,RED,40.0,0,20,15,75.0,Critical,GMPP_2025_26.xlsx
COLLECTIVE TRAINING TRANSFORMATION PROGRAMME,MOD,Military Capability,2025-26,MOD_0121_2021-Q4,2083.25,23.24,261.9250985545335,AMBER,25.0,20,20,15,80.0,Critical,GMPP_2025_26.xlsx
TYPE 26 GLOBAL COMBAT SHIP PROGRAMME,MOD,Military Capability,2025-26,MOD_0055_1112-Q1,,,342.3455978975033,,,0,20,0,,Not scored,GMPP_2025_26.xlsx
CLYDE INFRASTRUCTURE,MOD,Military Capability,2025-26,MOD_0118_1718-Q3,3324.98,7.43,198.784494086728,AMBER,25.0,20,20,5,70.0,Critical,GMPP_2025_26.xlsx
ASTUTE BOATS 1-7,MOD,Military Capability,2025-26,MOD_0076_1213-Q1,14428.06,,,,,25,0,0,,Not scored,GMPP_2025_26.xlsx
SKYNET 6 (AKA FBLOS),MOD,Information and Communications Technology (ICT),2025-26,MOD_0100_1516-Q1,,,371.9448094612352,RED,40.0,0,20,0,60.0,High,GMPP_2025_26.xlsx
DREADNOUGHT,MOD,Military Capability,2025-26,MOD_0080_1213-Q1,,,,,,0,0,0,,Not scored,GMPP_2025_26.xlsx
BRIMSTONE 3,MOD,Military Capability,2025-26,MOD_0141_2122-Q1,,,166.29434954007883,,,0,20,0,,Not scored,GMPP_2025_26.xlsx
TEUTATES,MOD,Military Capability,2025-26,MOD_0134_2122-Q1,,,206.96452036793693,,,0,20,0,,Not scored,GMPP_2025_26.xlsx
SUBMARINE WATERFRONT INFRASTRUCTURE FUTURE,MOD,Infrastructure and Construction,2025-26,MOD_0011_2122-Q2,2230.52,17.7,172.60183968462547,RED,40.0,20,20,10,90.0,Critical,GMPP_2025_26.xlsx
SPEARFISH UPGRADE PROGRAMME,MOD,Military Capability,2025-26,MOD_0047_1112-Q1,,,,,,0,0,0,,Not scored,GMPP_2025_26.xlsx
MENSA,MOD,Military Capability,2025-26,MOD_0132_2122-Q1,3555.91,2.6,,AMBER,25.0,20,0,5,50.0,High,GMPP_2025_26.xlsx
ARMED FORCES RECRUITING PROGRAMME,MOD,Military Capability,2025-26,MOD_0119_1920-Q2,201.02,16.24,121.51773981603154,,,10,20,10,,Not scored,GMPP_2025_26.xlsx
ARMOUR MBT 2025,MOD,Military Capability,2025-26,MOD_0104_1617-Q1,1979.22,33.29,214.22470433639947,RED,40.0,20,20,15,95.0,Critical,GMPP_2025_26.xlsx
NEXT GENERATION (FIXED) COMMUNICATION NETWORK,MOD,Information and Communications Technology (ICT),2025-26,MOD_0126_2021-Q4,,,106.86596583442838,RED,40.0,0,15,0,55.0,High,GMPP_2025_26.xlsx
Future Materials Campus,MOD,Military Capability,2025-26,MOD_0247_2324-Q1,,9.19,,,,0,0,5,,Not scored,GMPP_2025_26.xlsx
LAND ENVIRONMENT TACTICAL COMMUNICATION AND INFORMATION SYSTEMS,MOD,Military Capability,2025-26,MOD_0105_1617-Q1,7734.29,47.19,266.4586070959264,AMBER,25.0,25,20,15,85.0,Critical,GMPP_2025_26.xlsx
DEFENCE ESTATE OPTIMISATION,MOD,Military Capability,2025-26,MOD_0114_1718-Q1,5949.19,47.58,293.95532194480944,,,25,20,15,,Not scored,GMPP_2025_26.xlsx
MARSHALL,MOD,Military Capability,2025-26,MOD_0033_1112-Q1,1997.56,35.46,246.9119579500657,,,20,20,15,,Not scored,GMPP_2025_26.xlsx
SPEARCAP 3,MOD,Military Capability,2025-26,MOD_0140_2122-Q1,,,326.97109067017084,,,0,20,0,,Not scored,GMPP_2025_26.xlsx
SUBMERSIBLE SHIP NUCLEAR AUKUS,MOD,Military Capability,2025-26,MOD_0007_2122-Q2,,,348.91590013140603,AMBER,25.0,0,20,0,45.0,Medium,GMPP_2025_26.xlsx
CORE PRODUCTION CAPABILITY,MOD,Military Capability,2025-26,MOD_0078_1213-Q1,7784.34,7.77,380.2233902759527,AMBER,25.0,25,20,5,75.0,Critical,GMPP_2025_26.xlsx
NEW STYLE OF INFORMATION TECHNOLOGY DEPLOYED,MOD,Information and Communications Technology (ICT),2025-26,MOD_0109_1617-Q2,1598.79,2.42,167.96977660972405,RED,40.0,20,20,5,85.0,Critical,GMPP_2025_26.xlsx
Mobile Fires Platform,MOD,Military Capability,2025-26,MOD_0527_2526-Q1,,,,AMBER,25.0,0,0,0,25.0,Low,GMPP_2025_26.xlsx
FLEET SOLID SUPPORT,MOD,Military Capability,2025-26,MOD_0116_1718-Q2,,17.02,208.44283837056503,,,0,20,10,,Not scored,GMPP_2025_26.xlsx
ARMOURED CAVALRY 2025,MOD,Military Capability,2025-26,MOD_0091_1415-Q3,8935.68,23.88,183.83705650459922,RED,40.0,25,20,15,100.0,Critical,GMPP_2025_26.xlsx
EUROPEAN COMMON RADAR SYSTEM MK 2,MOD,Military Capability,2025-26,MOD_0137_2122-Q1,2899.01,15.13,190.9329829172142,,,20,20,10,,Not scored,GMPP_2025_26.xlsx
E7 WEDGETAIL,MOD,Military Capability,2025-26,MOD_0120_2021-Q2,2128.05,52.85,145.7621550591327,,,20,20,15,,Not scored,GMPP_2025_26.xlsx
"LAND INTELLIGENCE, SURVEILLANCE, TARGET ACQUISITION AND RECONNAISSANCE (ISTAR)",MOD,Military Capability,2025-26,MOD_0056_2122-Q3,1498.14,34.54,171.1892247043364,AMBER,25.0,20,20,15,80.0,Critical,GMPP_2025_26.xlsx
CHINOOK CAPABILITY SUSTAINMENT PROGRAMME (CSP),MOD,Military Capability,2025-26,MOD_0009_2122-Q2,1959.31,20.24,163.00919842312746,,,20,20,15,,Not scored,GMPP_2025_26.xlsx
LIGHTNING PROGRAMME,MOD,Military Capability,2025-26,MOD_0079_1213-Q1,,,293.92247043363994,,,0,20,0,,Not scored,GMPP_2025_26.xlsx
MINE HUNTING CAPABILITY,MOD,Military Capability,2025-26,MOD_0124_2021-Q4,,,233.93561103810774,,,0,20,0,,Not scored,GMPP_2025_26.xlsx
FUTURE COMBAT AIR SYSTEM,MOD,Military Capability,2025-26,MOD_0122_2021-Q4,,4.65,,RED,40.0,0,0,5,45.0,Medium,GMPP_2025_26.xlsx
TYPE 31,MOD,Military Capability,2025-26,MOD_0112_1718-Q1,,,207.95006570302232,RED,40.0,0,20,0,60.0,High,GMPP_2025_26.xlsx
GROUND BASED AIR DEFENCE (GBAD),MOD,Military Capability,2025-26,MOD_0144_2122-Q1,1454.95,43.75,185.9724047306176,AMBER,25.0,20,20,15,80.0,Critical,GMPP_2025_26.xlsx
JOINT CRYPT KEY PROGRAMME,MOD,Information and Communications Technology (ICT),2025-26,MOD_0111_1718-Q1,,,,,,0,0,0,,Not scored,GMPP_2025_26.xlsx
NAVAL SUPPORT INTEGRATED GLOBAL NETWORK (NSIGN),MOD,Military Capability,2025-26,MOD_0136_2122-Q1,14352.16,,96.9119579500657,,,25,15,0,,Not scored,GMPP_2025_26.xlsx
NEW MEDIUM HELICOPTER,MOD,Military Capability,2025-26,MOD_0125_2021-Q4,1404.92,13.57,193.00262812089355,,,20,20,10,,Not scored,GMPP_2025_26.xlsx
SUBMARINE DISMANTLING PROJECT,MOD,Military Capability,2025-26,MOD_0135_2122-Q1,541.73,16.06,187.08935611038106,,,15,20,10,,Not scored,GMPP_2025_26.xlsx
MECHANISED INFANTRY PROGRAMME,MOD,Military Capability,2025-26,MOD_0115_1718-Q2,5033.66,54.27,190.40735873850196,AMBER,25.0,25,20,15,85.0,Critical,GMPP_2025_26.xlsx
Small Secure Houseblocks ,MOJ,Infrastructure and Construction,2025-26,MOJ_0144_2223-Q2,,30.23,83.37713534822602,AMBER,25.0,0,15,15,55.0,High,GMPP_2025_26.xlsx
10K Additional Prison Places Estate Expansion Houseblocks and Refurbishments,MOJ,Infrastructure and Construction,2025-26,MOJ_0113_2122-Q2,,56.9,137.71353482260184,RED,40.0,0,20,15,75.0,Critical,GMPP_2025_26.xlsx
Electronic Monitoring Expansion,MOJ,Government Transformation and Service Delivery,2025-26,MOJ_0058_2122-Q1,1161.1,6.34,65.40735873850197,AMBER,25.0,20,15,5,65.0,High,GMPP_2025_26.xlsx
Evolve: WAN/LAN (Networks),MOJ,Information and Communications Technology (ICT),2025-26,MOJ_0050_2122-Q3,253.89,78.81,86.59658344283837,,,10,15,15,,Not scored,GMPP_2025_26.xlsx
Community Support Programme,MOJ,Government Transformation and Service Delivery,2025-26,MOJ_0537_2526-Q1,1024.83,0.0,72.27332457293035,,,20,15,0,,Not scored,GMPP_2025_26.xlsx
Decommission and Legacy Risk Migration (DLRM),MOJ,Information and Communications Technology (ICT),2025-26,MOJ_0061_2122-Q3,273.28,19.12,86.99080157687253,,,10,15,10,,Not scored,GMPP_2025_26.xlsx
Evolve: End User Computer Service (EUCS),MOJ,Information and Communications Technology (ICT),2025-26,MOJ_0062_2122-Q3,190.18,37.88,60.57818659658344,,,10,15,15,,Not scored,GMPP_2025_26.xlsx
Prisoner Education Services,MOJ,Government Transformation and Service Delivery,2025-26,MOJ_0064_2122-Q3,1755.13,3.85,70.0065703022339,,,20,15,5,,Not scored,GMPP_2025_26.xlsx
Rapid Deployment Cells Project,MOJ,Infrastructure and Construction,2025-26,MOJ_0057_2122-Q1,,28.85,84.13272010512483,AMBER,25.0,0,15,15,55.0,High,GMPP_2025_26.xlsx
Property Transformation Programme,MOJ,Government Transformation and Service Delivery,2025-26,MOJ_0220_2223-Q4,,,71.9119579500657,,,0,15,0,,Not scored,GMPP_2025_26.xlsx
Evolve: Voice & Video,MOJ,Information and Communications Technology (ICT),2025-26,MOJ_0049_2122-Q3,184.56,45.34,81.53745072273324,,,10,15,15,,Not scored,GMPP_2025_26.xlsx
10k Additional Prison Places - New Build,MOJ,Infrastructure and Construction,2025-26,MOJ_0050_2021-Q1,,2.38,146.94480946123522,AMBER,25.0,0,20,5,50.0,High,GMPP_2025_26.xlsx
PFI Prison Expiry and Transfer Tranche 2,MOJ,Government Transformation and Service Delivery,2025-26,MOJ_0060_2122-Q3,2730.04,3.0,54.23784494086728,,,20,10,5,,Not scored,GMPP_2025_26.xlsx
Secure Children's Homes Commissioning,MOJ,Government Transformation and Service Delivery,2025-26,MOJ_0259_2324-Q1,270.91,4.83,45.072273324572926,,,10,10,5,,Not scored,GMPP_2025_26.xlsx
10K Additional Prison Places Estate Expansion Category D,MOJ,Infrastructure and Construction,2025-26,MOJ_0111_2122-Q2,,65.99,133.8042049934297,RED,40.0,0,20,15,75.0,Critical,GMPP_2025_26.xlsx
Residential Property Tribunal,MOJ,Government Transformation and Service Delivery,2025-26,MOJ_0539_2526-Q2,149.6,78.84,45.630749014454665,,,10,10,15,,Not scored,GMPP_2025_26.xlsx
Accelerated Houseblocks,MOJ,Infrastructure and Construction,2025-26,MOJ_0053_2021-Q4,,16.07,121.09067017082785,AMBER,25.0,0,20,10,55.0,High,GMPP_2025_26.xlsx
PFI Prison Expiry and Transfer Tranche 3,MOJ,Government Transformation and Service Delivery,2025-26,MOJ_0365_2425-Q1,3335.69,82.16,79.5006570302234,,,20,15,15,,Not scored,GMPP_2025_26.xlsx
Concordis,NCA,Government Transformation and Service Delivery,2025-26,HO_0526_2526-Q1,189.75,0.0,,,,10,0,0,,Not scored,GMPP_2025_26.xlsx
VOA NextGen Rating Programme,VOA,Government Transformation and Service Delivery,2025-26,HMRC_0143_2223-Q2,300.38,5.53,65.9658344283837,AMBER,25.0,10,15,5,55.0,High,GMPP_2025_26.xlsx
